x1,x2,split,clean_label,observed_label,was_flipped
1.6030453258412405,-0.5384278874096086,train,1,1,False
1.3913368757990598,0.07081498758636334,train,1,1,False
0.5833142417170442,0.15632773375930054,train,0,0,False
1.0915190086759938,-0.5588294794906782,train,1,1,False
1.1762294435993799,-0.22164528460484498,train,0,0,False
1.6339631536530035,-0.5043960934082261,train,1,1,False
1.3298008128588619,-0.9273909357046938,train,1,1,False
1.2412618502561779,-0.3369840503051582,train,1,1,False
1.8792304359251568,-0.025935759384183684,train,1,1,False
-0.9923352246513085,-0.25898314563660546,train,0,0,False
-0.35655035890120623,0.7286078571263958,train,0,0,False
0.5598261345372659,-0.2687292229613034,train,1,1,False
1.0982816463493625,0.3626547645409243,train,0,0,False
1.1230464251731873,-0.7725347670537459,train,1,1,False
1.492180451209257,-0.5507285423944766,train,1,1,False
1.0878736985445154,0.020547108002666237,train,0,0,False
-0.2940908924093747,0.38426081254880085,train,1,1,False
1.5366840164429278,1.0991205922131324,train,1,1,False
0.6899429340832688,-0.39832438238954415,train,1,1,False
1.924125027731101,0.42644800368052316,train,1,1,False
1.3200165746087713,-0.27492722411234644,train,1,1,False
0.8128909579226667,0.731609105002117,train,0,0,False
0.8712466960577325,0.5002770153461262,train,0,0,False
1.4877323233819029,-0.8040033816256547,train,1,1,False
-0.5863884360871904,0.5255436667410127,train,0,0,False
0.42825204051797267,-0.010941057712537294,train,1,1,False
1.1358192034682055,-0.8738905660496841,train,1,1,False
-0.8731517051230943,0.9350093245942318,train,0,0,False
0.6063092487363748,0.63717146038734,train,0,0,False
1.4432885150975787,-0.8936242690183533,train,1,1,False
-0.4800697485801979,0.8267774932849162,train,0,1,True
1.949577318610815,-0.017823246593529185,train,1,1,False
-1.0853599762002766,0.330110568598139,train,0,0,False
-0.8919281618753055,0.6468269750372697,train,0,0,False
-0.1410298191949348,0.9281180421802215,train,0,0,False
-0.4874384090485876,0.8150142384595223,train,0,0,False
0.03814464726098654,0.5939522864223279,train,0,0,False
1.597590439696913,-0.46716217870567966,train,1,1,False
0.1899784041795629,-0.1464242653688142,train,1,1,False
-0.6053273044338582,0.5953948018652423,train,0,0,False
1.5515750158579913,-0.21096798601010322,train,1,1,False
0.5686489696165107,0.8240198656169674,train,0,0,False
0.24088057290187279,0.42045732897772786,train,1,0,True
-1.063494493373279,0.2844436510652936,train,0,0,False
2.2530010308639423,0.42778027401917773,train,1,1,False
1.351286218806661,-0.2882713130362235,train,1,1,False
0.5762901105843151,1.2567688432548048,train,0,1,True
-0.20139100662050607,0.16381627931001788,train,1,1,False
0.6779204084195454,-0.41402836999626325,train,1,1,False
0.7801474147090249,0.6753152831886873,train,0,0,False
0.3092254899201007,1.1214184925770216,train,0,0,False
1.1497194843125766,-0.7729024557056567,train,1,1,False
1.5649683266556136,-0.7694303085726215,train,1,1,False
-0.9830093526169298,0.4272230856719453,train,0,1,True
0.4216036647874255,0.5462804271736834,train,0,0,False
0.6714806163421023,-0.5376224238232225,train,1,0,True
-0.02237425241921248,0.28902324925740414,train,1,0,True
0.21971016413965339,-0.07785706672671897,train,1,1,False
-0.7195812987098531,1.1393578900259773,train,0,0,False
0.6234723975338284,0.12703437528794934,train,1,1,False
1.903063157598012,0.538198660477487,train,1,0,True
-0.8814653632060458,0.28877797177259185,train,0,1,True
1.5640433459754124,-0.2199039796045878,train,1,1,False
0.15953814926123766,0.6206207325800137,train,1,1,False
0.5160501746583159,0.6162170514241809,train,0,0,False
0.3756282778002795,0.8727547657630913,train,0,0,False
1.66404089874017,-0.4973301829772003,train,1,1,False
-1.061026008193349,0.16031686632758663,train,0,0,False
1.4624706779999197,-0.20816711790601566,train,0,0,False
0.04254417984695574,0.27066002227485897,train,1,1,False
1.8502808062698934,0.19504044338545193,train,1,1,False
-1.1320431073834827,0.4082346224488115,train,0,0,False
0.08797161195571596,-0.19474672835418405,train,1,1,False
-0.11425504953767103,0.9739590556851226,train,0,0,False
0.680154317754997,-0.39860713935648373,train,1,1,False
-0.38553711151512304,1.140831431446656,train,0,0,False
0.8608900892494332,-0.028176009405459335,train,1,1,False
2.227171336995902,0.40429125215455175,train,1,1,False
1.869854173823513,-0.1195239500466507,train,1,1,False
1.5715294737287677,-0.058844545049629354,train,1,1,False
0.4798062975343344,-0.28263932255897506,train,1,1,False
0.8168665936948655,-0.2019429692720357,train,0,0,False
0.6333814103521753,1.0934524800333163,train,0,0,False
0.46439966761782175,0.8660282602768559,train,0,1,True
0.3836699937460887,-0.29527187273587785,train,1,1,False
0.961811013244488,-0.8543038987897471,train,1,1,False
2.0233719976970415,0.5610733239248067,train,1,1,False
0.5278298500432306,0.734376871754356,train,0,0,False
1.9354026880207917,0.32853798740859197,train,1,1,False
-1.0463141985340125,0.36739727037261805,train,0,0,False
0.36077009739826743,0.8563664400833838,train,0,0,False
2.018969661131416,-0.21622506244828887,train,1,0,True
1.320671754461166,-0.23393918845474346,train,1,1,False
0.7781366301812164,0.3017757373178548,train,0,0,False
-0.32785374115600163,0.7518311156631277,train,0,0,False
-0.8457417596462551,0.7800216080452879,train,0,0,False
0.9209663189751833,0.24868449444830265,train,0,0,False
0.005893617794598446,1.1024615769384598,train,0,0,False
-0.3120883375005167,1.2158862814607907,train,0,0,False
0.01808153177443811,1.1548584245290237,train,0,0,False
1.1415039304197654,0.2333049541071831,train,0,0,False
0.16108765487098883,0.9947073840625488,train,0,0,False
0.41475857824452655,0.9142138191977589,train,0,0,False
1.77777440282483,0.22685384727167843,train,1,1,False
1.0908996397776312,0.49817487118857906,train,0,0,False
1.5697739881932902,-0.5304532923777192,train,1,1,False
1.9113252668212661,0.594360852019514,train,1,0,True
-1.1143730388744775,0.34700023042500877,train,0,0,False
-0.12724071404089388,0.012319273510905508,train,1,1,False
0.02114184984055846,0.6594295399612182,train,0,0,False
-0.32007156105857765,1.1369421789793472,train,0,0,False
-0.591649003915826,0.9268981141182084,train,0,1,True
-1.0519403762110873,0.8142448182824082,train,0,0,False
0.36850813845175623,1.1241928689618628,train,0,0,False
-0.5574846349097503,0.6638514782705974,train,0,0,False
1.1067026957710202,0.6552688217255279,train,0,1,True
1.9182275670464644,0.20078065503359724,train,1,1,False
0.11824512092669459,-0.5953616479573969,train,1,1,False
1.1759191859640479,-0.5226829225505563,train,1,1,False
0.5649338139876966,-0.4143849054904347,train,1,0,True
1.1984157327961604,-0.2513944306063932,train,1,1,False
0.08465004681309665,0.2257710982604842,train,1,1,False
0.10377401328504907,1.3153239235426488,train,0,0,False
-0.2810478995203292,0.24276805381703787,train,1,1,False
-0.6686960863077923,0.5931463711435814,train,0,0,False
2.36349696929618,0.15463357873636452,train,1,1,False
-0.6131207769260187,0.21062110250111749,train,0,0,False
-1.3749587598337856,0.5203920641479896,train,0,0,False
-0.6965365512277276,0.629613905237539,train,0,0,False
0.8344877277402913,0.06874819134551696,train,0,1,True
1.959336360226502,0.3359077171338709,train,1,1,False
1.1296859881015515,0.43665606825168024,train,0,0,False
2.016338752105674,-0.321969682234255,train,1,1,False
0.046794498862600564,-0.17735603758302904,train,1,0,True
-0.9423628869252855,0.2559405858457829,train,0,0,False
0.31533117682458733,1.0049007174303977,train,0,0,False
1.7006270587965968,0.18440651881384373,train,1,1,False
1.0817663638137056,-0.762541242428125,train,1,1,False
-0.9395251509795123,0.4521008808355338,train,0,0,False
0.22235182741334697,-0.3805196183103843,train,1,1,False
-1.2274696531115348,0.5951756656849614,train,0,0,False
0.7794138603779196,0.3836811164884586,train,0,0,False
-0.026868127460930313,0.7523232639213705,train,0,0,False
-1.3936190301887703,0.40884029992652415,train,0,0,False
-0.7280569581361148,0.6190678937375552,train,0,0,False
1.7111634574928511,-0.44322139702319496,train,1,1,False
0.37008669951205786,0.7183713057689581,train,0,0,False
2.0462136752925946,0.6967505653630353,train,1,1,False
-0.755208163802945,0.0772625684205574,train,0,0,False
1.0033518477302585,-0.7755129871254467,train,1,1,False
-0.6721888148198905,0.00637433497818643,train,0,0,False
1.2580732949168272,-0.46136470521667855,train,1,0,True
0.13167128027828268,1.1009240218107799,train,0,0,False
0.7864942489650787,-0.455894106389847,train,1,1,False
1.3572860530393636,0.007734068674697336,train,1,1,False
0.8345425755127189,0.5481785081136075,train,0,0,False
1.4436773276720594,-0.6064013365728951,train,1,1,False
1.147249926062655,-0.26364277151281607,train,1,1,False
-0.3213418546430027,1.1009871418371782,train,0,0,False
1.5383539025146618,-0.26394970986586047,train,1,1,False
2.3887508944426545,0.060007054918324504,train,1,1,False
0.03578574478308339,0.08571326653506284,train,1,0,True
-0.6045232199661472,0.9003432253030591,train,0,0,False
1.4909706860056036,-0.6563473152759529,train,1,1,False
0.15926559031273965,0.031213443139268632,train,1,1,False
-0.4267809441296314,1.0039597181695032,train,0,0,False
0.9311058227780918,0.7166806072667073,train,0,0,False
0.5537330286942881,0.40789495364054223,train,0,0,False
0.15683024252730776,1.1457628705844827,train,0,0,False
1.3352557699258822,0.20142468226361332,train,0,0,False
2.1936068737599026,-0.028289388131310947,train,1,1,False
-0.30759721485463937,0.5140272711185305,train,1,1,False
0.5118260192503683,1.1977615861732092,train,0,0,False
-0.5494133320532399,1.1430990812433723,train,0,0,False
-1.3629309464017816,0.323587755022148,train,0,0,False
-0.7758550474295554,0.9638050680303828,train,0,0,False
2.128886389551107,0.44393068888154497,train,1,1,False
2.2155855926518355,0.6867113922700373,train,1,1,False
-0.6516005055193875,0.8639469073573688,train,0,0,False
0.37076374311183746,0.40972227778533565,train,0,0,False
0.13632220583178034,1.1486769128589598,train,0,0,False
0.3991476345240653,0.7782560634872113,train,0,0,False
0.9344599364225433,0.30612094414867985,train,0,0,False
1.343675669203032,-0.5926454383910923,train,1,1,False
0.3846503874875054,0.5964281114069514,train,0,0,False
0.5326054429945284,0.7873652568394786,train,0,0,False
-1.1365663765778924,0.15842872748612058,train,0,1,True
1.803078535169543,0.2431040888882363,train,1,1,False
0.14751670178315757,0.9475355593590868,train,0,0,False
0.9217582453239711,-0.5551434133808929,train,1,1,False
1.0124818506494004,0.7769001114031893,train,0,0,False
-0.6991389140807971,-0.050388239596936196,train,1,1,False
0.12442412278163201,0.4006331248674158,train,1,1,False
-0.8598780806545985,0.9441293849303808,train,0,0,False
1.06083934693547,-0.3615993152238992,train,1,1,False
0.9543315492820769,0.398327221566136,train,0,0,False
-0.6111388144488324,0.8138001714868538,train,0,0,False
0.07015431691068388,-0.22560564790169818,train,1,1,False
1.0711301496754977,-0.7084448312984535,train,1,1,False
-0.1468673659414666,0.3366014878104439,train,1,1,False
-0.12671669667731617,0.14543386537286826,train,1,1,False
0.4129937037574581,-0.30258409157461696,train,1,1,False
0.10736638370867763,0.012533348148856815,train,1,1,False
1.9262250154268457,-0.5681755202073506,train,1,1,False
0.7460260571095257,0.45436720067364733,train,0,0,False
-0.4133659504433291,0.42298951205078456,train,1,1,False
-0.8630594919280035,1.0515208347402816,train,0,0,False
0.6795286870840284,0.6986149913876687,train,0,0,False
1.1191095611383466,-0.21350398938708398,train,1,1,False
1.8856789385846457,0.33010990772169035,train,1,1,False
1.3250540407071705,-0.4477953212565279,train,1,1,False
-0.03482918259153424,1.0999545531685262,train,0,0,False
0.8560199736125578,0.4413545791950868,train,0,0,False
-0.2706283732136404,0.47103107933707294,train,0,0,False
-0.8433972486112804,0.6978128288956873,train,0,0,False
0.9269790760321212,-0.539317458338118,train,1,1,False
1.5848363850716776,-0.12901142421657874,train,1,1,False
2.1351122104603664,0.09830035045900612,train,1,1,False
0.9914041198382438,0.16507306386863493,train,0,0,False
1.4252726445700934,-0.31538908800081866,train,1,1,False
-0.9991373513625021,0.2096097859392278,train,0,0,False
-0.7698988338078618,0.6476754004539877,train,0,0,False
0.024685199869249726,0.18304553100035612,train,1,1,False
1.4971623296242962,0.14225499919678494,train,1,1,False
1.1493348256916016,-0.23617241497782257,train,1,1,False
1.2441480133206397,-0.4423934641697871,train,1,1,False
-0.8315716129068544,0.7875533608577393,train,0,0,False
1.3701711203569062,-0.809399139959846,train,1,1,False
0.8014165096933292,0.2587574260155165,train,0,1,True
0.35308698757022733,-0.07475970169409522,train,1,1,False
-0.8116278144828399,0.7568198578441723,train,0,0,False
0.09956688734870688,-0.22060795490869614,train,1,1,False
-0.8976672332940341,0.8719473987408488,train,0,0,False
0.9055171334487359,0.2068720981630994,train,0,0,False
0.42689805914718315,-0.02217157022966601,train,1,0,True
0.783333771882764,0.48997992578468796,train,0,0,False
1.4271092735340782,-0.4678021794429805,train,1,1,False
0.02522799723423577,-0.06716072536992734,train,1,1,False
0.4519114417862057,0.7790035036502339,train,0,0,False
-0.9338535194098443,0.6215389178760559,train,0,0,False
0.07545166883219873,-0.3538287102646597,train,1,0,True
1.5891841722004463,-0.10684325873994786,train,0,0,False
0.48198606897078466,-0.3667120678092346,train,1,1,False
0.7845917764187875,-0.38560046915241697,train,1,0,True
-0.42482037871311595,1.0193857906481165,train,0,0,False
-1.3737868685658012,0.7016579568556098,train,0,0,False
-0.5356902456653727,0.9416233450063661,train,0,0,False
1.283323093983803,-0.45139889667748834,train,1,1,False
0.7286961201390137,-0.36245958611134477,train,1,1,False
-1.1548150947418383,0.12111848796072178,train,0,0,False
-0.7359738512410634,0.5254081798886479,train,0,1,True
1.6176698164173982,-0.274381871077716,train,1,1,False
1.2088849039869847,-0.5994257451366956,train,1,1,False
0.98467719310145,-0.7706552952801007,train,1,1,False
-1.3763797542606504,0.14652047755956757,train,0,0,False
0.5687184281952755,1.3374392443110337,train,0,1,True
1.3163965548818097,0.05099185648861687,train,0,0,False
-0.3726302929539795,0.36811495242952774,train,0,0,False
-1.0470644312914805,0.41933656830579047,train,0,0,False
1.413036546289227,-0.21244001420023145,train,1,1,False
1.2770945840259236,-0.18441160436638876,train,1,0,True
1.1769619063403265,-0.018844326274501,train,0,0,False
1.8855861898140764,0.12712723356819702,train,1,1,False
2.064910525219884,0.3286025666437884,train,1,1,False
-0.147251545625676,1.0151059495117312,train,0,0,False
0.37617756866835655,0.6866358796662864,train,0,1,True
0.9680494506765946,-0.4695275306702276,train,1,1,False
1.4660929728570935,0.10528186703285347,train,1,1,False
-0.6922588480085888,0.7914944599800984,train,0,0,False
-0.7219208490365668,0.5208486249230453,train,0,0,False
-0.7268365266795331,0.25663659869833455,train,0,0,False
2.047234826162716,0.33688586986514085,train,1,1,False
1.2370296031303836,-0.09555743132935052,train,1,1,False
0.014319891213702772,0.014431308634101747,train,1,1,False
0.8003393711033034,-0.33639921372809156,train,1,1,False
-1.0907274140790384,0.6503948152221825,train,0,0,False
1.2141984427517603,0.7074104515999312,train,0,1,True
-0.881516465681006,0.3749555647377141,train,0,0,False
0.7897831029256839,-0.09768824496675294,train,1,1,False
-0.05659895383397965,0.5762604089183934,train,1,1,False
0.35489039241967507,1.26619187707201,train,0,1,True
1.9062873048981097,0.018234110930150524,train,1,1,False
1.6190394921695381,-0.09828986913256954,train,1,1,False
0.8843909921275792,0.32034276904438863,train,0,0,False
0.6693530807412443,0.32480837694889597,train,0,0,False
0.4217699676676036,0.9835179606544068,train,0,0,False
0.31449993061709813,1.2607059611698208,train,0,0,False
0.7691464721242491,0.5855451622064527,train,0,1,True
-0.6772134997594622,0.4098321056209097,train,0,0,False
-0.8087077884042563,0.6651534186830018,train,0,0,False
-0.21813460426440062,-0.050807340433519865,train,1,1,False
0.9196771925937273,-0.302280549448645,train,1,1,False
-0.3069561027615295,0.8660662282741973,train,0,0,False
1.0570083732902484,-0.027519738091369983,train,1,1,False
0.917921068050304,-0.34089018728850307,train,1,0,True
-0.6926886721647532,1.0418126489972415,train,0,0,False
0.7110357147726244,0.9810510538159642,train,0,0,False
1.7853197704993202,-0.5199177521004053,train,1,1,False
-0.15223575496710004,0.454237859031238,train,1,1,False
0.21850180430638083,0.8107963321553011,train,0,1,True
-0.0885494667450234,1.2158429153539352,train,0,0,False
0.6102834481374134,0.2853449888704714,train,0,0,False
0.909824705985386,0.039072529031830734,train,0,0,False
1.110586747135847,-0.5384390757012115,train,1,0,True
0.8834116713015712,1.0374782917360175,train,0,0,False
0.7995571508031707,-0.3501361222662793,train,1,1,False
0.4985599088867419,0.2644993275987093,train,0,0,False
0.3746421153236474,-0.21426357732436557,train,1,1,False
1.6872564210273016,-0.5786079162602369,train,1,1,False
1.2699908152161452,-0.23383596517927174,train,0,0,False
-0.8859561555998833,0.314190634232652,train,0,0,False
0.693141041745036,0.9060884352216805,train,0,0,False
-0.9716861265607087,-0.11988304479700082,train,0,0,False
0.542797890991638,-0.11274905706489843,train,1,0,True
0.5154258618007124,-0.04440307594411405,train,1,1,False
-0.8149608137652354,0.6055942347565707,train,0,0,False
0.8260253706785783,0.6065922723883181,train,0,0,False
0.24526037911373477,-0.05623871854533938,train,1,1,False
0.6036292180565849,0.8285362365324036,train,0,0,False
0.5684022943214055,0.24272912667289662,train,1,1,False
-0.058086407513020744,0.4474918587233323,train,0,0,False
-0.8329412793094815,0.6448548709627353,train,0,1,True
2.037946904375541,0.044970989851138204,train,1,1,False
0.18524635770850306,-0.16744069890622043,train,1,1,False
-0.8479994512928823,0.4805342670924084,train,0,0,False
2.3048723448120296,0.08841532804140712,train,1,1,False
1.9278181106358387,-0.03302376030506696,train,1,1,False
0.6826335091368019,0.7354916782126163,train,0,1,True
0.8396756398359432,0.7051426545640889,train,0,0,False
-0.39308805306665284,0.7130428517047842,train,0,0,False
0.4289476064776127,0.5464907285011282,train,0,1,True
1.879465225124722,-0.44660738193289584,train,1,1,False
0.5011718925251893,1.252180042685548,train,0,0,False
0.5181802968356894,0.6417850018503195,train,0,0,False
1.9588964253175736,0.35888127507747836,train,1,0,True
-0.03321974204903706,0.2858757659693016,train,1,1,False
0.09740109664050411,-0.4598654118189641,train,1,1,False
0.2815750419302875,0.5250257205308788,train,1,0,True
0.5527385878838476,1.0667984551197818,train,0,0,False
1.6499454198696757,-0.458916385329048,train,1,0,True
1.4631952316068537,-0.42747461947684423,train,1,1,False
0.6728073399778609,0.3626134235393198,train,0,0,False
1.6610118975591242,-0.5706021406894716,train,1,0,True
0.3003449117188456,0.7818992464381718,train,0,0,False
-0.12153289768478065,-0.2935656887350064,train,1,1,False
1.1880674181136857,-0.23962454066586059,train,1,1,False
1.9244893852572231,0.03483601584564333,train,1,1,False
-0.3417088922144343,0.9971346813906548,train,0,0,False
0.9920103496477051,0.5076193811110309,train,0,0,False
-0.6818135942021929,0.7556773986860235,train,0,0,False
0.0044314340226449325,0.46154345460757795,train,1,1,False
-0.31509095896754186,0.20449677841293856,train,1,1,False
0.7554382177301255,-0.2295589073299923,train,1,1,False
0.34635247043145845,-0.04668311697295041,train,1,1,False
0.6170738406013943,0.09921624906969712,train,1,1,False
0.9892741207785496,0.6228817438747403,train,0,0,False
-0.20412693576930396,0.7344053398539129,train,0,0,False
-1.0347685742559813,0.18269521946735975,train,0,0,False
0.14549670178260998,0.5800940198078643,train,0,0,False
0.033890831549388656,0.7721155171107132,train,0,0,False
1.6750478381728227,0.4786339973150503,train,1,1,False
0.49667971353918877,0.32860535151892667,train,1,0,True
-1.076789847080907,0.14696335758771642,train,0,0,False
-0.058633499728451444,0.01988060812221204,train,1,1,False
0.6123554488918936,0.8245110431932597,train,0,0,False
0.7392691121327,-0.6512393893232585,train,1,1,False
1.7376687491254343,0.40439826503735565,train,1,1,False
0.2112881811982798,-0.4259682450802773,train,1,1,False
-0.09594595520709119,0.5214817859622004,train,1,1,False
0.8225676445828072,0.04795397087788658,train,0,0,False
0.04752540578570952,-0.5899630452766215,train,1,0,True
0.13988036946989973,0.48777594277593245,train,0,0,False
1.0648252697918716,0.47326608783464685,train,0,0,False
0.9718163938199221,-0.6181079179090622,train,1,1,False
1.872393567398988,0.30299916710903907,train,1,1,False
0.6308628449415403,-0.7161192284801363,train,1,1,False
-0.6476796611406391,0.484671605256837,train,0,0,False
0.20673628801991922,1.1767843698863647,train,0,1,True
1.3410567693605582,-0.7477585464495499,train,1,1,False
1.0294550711658244,-0.39862472293277956,train,1,1,False
2.0985342812128867,-0.22767444323750666,train,1,1,False
1.3209209631232806,-0.35744518414653703,train,0,0,False
-1.0774507690349637,0.8166181266497341,train,0,0,False
0.5944641076785026,-0.3411262003629517,train,1,1,False
-0.6229342561856996,0.4827385805113634,train,1,1,False
0.22177265770808907,-0.1557708119350584,train,1,1,False
0.22688885493690064,0.5133901231402814,train,1,1,False
1.9679837701035956,0.19105973996292483,train,1,1,False
0.634856765193225,0.6480047451522037,train,0,0,False
0.7481280099428672,0.19118513453502844,train,0,0,False
1.0002232329743823,-0.6692402276977613,train,1,1,False
1.0743741995311251,-0.3591858794333652,train,1,1,False
-0.11248743700956226,0.3643402723270591,train,1,1,False
0.13621803602530735,1.0575293126106462,train,0,0,False
0.9190234971668407,-0.5532133686779865,train,1,1,False
0.8806502453366797,-0.7008744127367227,train,1,1,False
0.12798029917916656,-0.3579874154026317,train,1,1,False
-0.8411292222506138,1.2354538892234301,train,0,0,False
2.2017070726598367,0.3263329299333871,train,1,1,False
0.9346694377769798,-0.6483692601681661,train,1,1,False
-0.7410249135239358,0.9171390248818091,train,0,0,False
0.6055149089333385,1.085150860811165,train,0,0,False
0.60219733040232,-0.43597546898975786,train,1,0,True
-0.5175747000393727,0.7353451526785862,train,0,0,False
0.2694086288560271,0.05992955318212698,train,1,1,False
0.7759805809223878,-0.07368993909968419,train,0,0,False
1.76040138483435,-0.06280933003688255,train,1,1,False
0.8244024502927816,-0.13552095109645956,train,1,1,False
1.0069617621831268,-0.490480591151951,train,1,1,False
0.300079240021787,-0.4526646971497862,train,1,1,False
2.1945328702014932,0.524381455847189,train,1,1,False
-0.7430741293415328,1.1112622420753737,train,0,0,False
-0.6413513864650636,1.0367590549693146,train,0,0,False
-0.7634505621582568,0.32829082059617465,train,0,0,False
-0.99873517076712,0.4111764987023291,train,0,0,False
1.2162622937476704,-0.41140462951682755,train,1,1,False
0.9157839406251184,-0.7107655417698551,train,1,0,True
0.8192917019835818,-0.09215940033779575,train,0,0,False
1.1069600780913176,-0.07913926497978968,train,1,1,False
0.8174158482117804,-0.19688610280803287,train,1,1,False
0.5333373820853906,-0.21190829040494935,train,1,1,False
0.700986893888921,-0.27371864915886335,train,1,1,False
0.5892392609608978,-0.04447759349832539,train,1,1,False
0.693559738672696,0.4732918019813363,train,0,0,False
0.32565743150329085,0.00630718571109265,train,1,0,True
-1.2589908683896691,0.09238059639869532,train,0,1,True
-0.0501427122881033,1.0816101106417781,train,0,0,False
-0.9335046459312129,0.312210791449394,train,0,0,False
0.6994796588278362,-0.5536358111849222,train,1,1,False
1.58417927770245,-0.3842030588187032,train,1,1,False
-1.1255768627534994,0.465139184957376,train,0,0,False
1.1911142040912024,0.08832775787220093,train,1,1,False
0.39032699396990683,1.0843541368195788,train,0,0,False
0.1956480830561771,-0.1508527779954772,train,1,1,False
0.19602393085228423,-0.22049131459576907,train,1,1,False
1.6850974241588799,-0.07464795255869038,train,1,1,False
0.2254835265036708,0.0016074037767367655,train,1,1,False
0.8055080436934534,-0.4067394404450986,train,1,1,False
1.3131970198863807,0.06304356363474889,train,0,0,False
1.8390362986851487,-0.18170593003592334,train,1,1,False
-0.0804471588847701,0.5819201129317103,train,1,1,False
2.0412540701613557,0.29001520057391145,train,1,1,False
1.3855233322835294,-0.3124523163992709,train,1,1,False
1.5840876959671073,-0.19700582226284094,train,1,1,False
0.575895508597971,0.4039343126003271,train,0,0,False
1.7243973596127797,0.04392538326281896,train,1,1,False
1.2717429537063896,-0.524131050221847,train,1,1,False
0.9493305227662469,0.48874695706837007,train,0,1,True
0.1507849306982861,-0.1845735060624416,train,1,1,False
-0.9706611039475681,0.7376259494188623,train,0,0,False
0.154026554323341,0.7555799820366268,train,0,0,False
1.8694490088607594,-0.22269423817179748,train,1,1,False
2.439583017062073,0.08577110077635242,train,1,0,True
-0.01952229947551745,1.0547555866031015,train,0,0,False
1.0907093032762714,0.27436237310538747,train,0,0,False
1.7344058281459143,-0.3031441481487303,train,1,1,False
-0.12757799831569894,0.6529079536959528,train,0,0,False
1.1370607334187435,0.5470828490084015,train,0,0,False
-1.136185216393937,0.9131924383925684,train,0,0,False
1.3356983974376078,0.007165644612700417,train,0,0,False
-1.4546192977300483,0.3051623820388842,train,0,0,False
0.8645026063159709,-0.5332049960946098,train,1,1,False
1.2140536041106242,-0.7283785583126576,train,1,1,False
-0.1266927666829351,0.45080182578296607,train,1,0,True
0.6858418902143866,-0.5261748007198787,train,1,1,False
-1.1339931284153721,0.3856013675919872,train,0,1,True
2.02497124558905,0.34982333417629197,train,1,1,False
0.6752731550634439,-0.3562115569601605,train,1,1,False
-0.9562748403629674,0.9256755515571249,train,0,0,False
1.8535016206485873,-0.30517161585999764,train,1,1,False
0.4268803247160199,0.8273198341989103,train,0,0,False
1.8683051835758775,0.298268615507427,train,1,1,False
-0.20095725600901282,0.8517998297676121,train,0,0,False
1.7768875589121702,-0.2558494319500135,train,1,1,False
0.6179764568861869,0.2926971057627058,train,0,1,True
-1.1544484179133072,0.12784258412566601,train,0,0,False
0.6456824486763625,0.8834444484460411,train,0,1,True
0.36537244898714094,-0.5376509778687404,train,1,1,False
-0.44649430759415853,1.077234111916364,train,0,1,True
0.33940979984385394,0.9002592454966001,train,0,0,False
0.49113088469786265,-0.20211362739126087,train,1,1,False
-0.1012152486043629,0.9637382574606806,train,0,0,False
2.4146969356063472,0.26951159299073885,train,1,1,False
1.8106948998014458,-0.26357215504292286,train,1,1,False
-0.8416735408150575,0.08202800494511313,train,0,0,False
-0.10699801244751111,0.8807103440007275,train,0,0,False
-0.6481374822371391,0.7092008107626361,train,0,1,True
0.6261303399214364,-0.2385484080401401,train,1,1,False
0.3207029396667279,0.5253994277128995,train,0,0,False
-1.1199400359685896,0.4717484541064637,train,0,0,False
2.2153606797153618,-0.13291942782586913,train,1,1,False
0.4445458287482134,-0.334414698996052,train,1,1,False
1.4038284929620581,-0.688200766171293,train,1,0,True
0.1270212792231662,0.6916363216956263,train,1,0,True
-0.0469098745371137,1.0434639244555328,train,0,0,False
0.8443774740571071,-0.6753096713679587,train,1,1,False
-0.5912229847253486,0.43486945101778435,train,0,0,False
2.160575710160126,0.18519763115206875,train,1,1,False
0.28100060208387145,0.17686203223342062,train,1,1,False
-0.30397243009185626,0.6904393082043916,train,0,0,False
0.14308352049346873,0.862060323264608,train,0,0,False
1.6823696614328731,-0.060970988738561605,train,1,1,False
0.9611017473802987,-0.2418742472606437,train,1,1,False
1.8693925701283596,-0.3469900309186948,train,1,1,False
-0.012857149884165114,0.4826253829656548,train,1,0,True
-0.852506021732918,0.3888871396946255,train,0,0,False
1.8232980249951403,0.2633268622941619,train,1,1,False
0.5166479018952213,-0.39733411606024865,train,1,1,False
0.45948619202361335,-0.2175846058287777,train,1,1,False
-0.15967706929722375,0.7766016689843476,train,0,0,False
0.12420619245512121,0.9980256143334219,train,0,1,True
1.136121535947003,0.03892503180162776,train,0,0,False
0.48935502760587984,-0.5004040696359598,train,1,0,True
-0.14828585736739733,0.7582963447588527,train,0,0,False
0.024020676302816485,-0.056883797123653254,train,1,1,False
1.719094093539707,0.11724032467493929,train,1,0,True
0.1504494826952685,-0.5514895669495599,train,1,1,False
0.2279441652902917,0.8170662884065505,train,0,0,False
0.8835894040178602,0.15765033748312118,train,0,1,True
0.008454807274959564,0.7672172733990287,train,0,0,False
0.03980259157218158,-0.19619729746384748,train,1,0,True
1.7090415233773166,0.32261137641668974,train,1,1,False
-0.8744376317050961,0.5654876841676453,train,0,0,False
1.0735793524024946,-0.0948846629762673,train,0,0,False
-0.062462692698080594,0.4211997059202186,train,1,1,False
1.4160366213365734,-0.5197457970937225,train,1,1,False
0.39909454421859714,0.8007299720820196,train,0,0,False
-0.22921236380949173,1.0974832828203598,train,0,0,False
2.1190814798887425,0.8453215608840206,train,1,1,False
1.8658578565891408,-0.5586599418651539,train,1,1,False
0.3580716940074869,0.8893236640141612,train,0,0,False
0.2871393933385701,1.0932286224729897,train,0,0,False
1.6565835994305136,-0.4043777670258385,train,1,0,True
-0.1955686025699222,-0.24351616928859204,train,1,1,False
1.0687072552957764,0.14409317776045072,train,0,0,False
0.805665530634617,-0.4646168364211456,train,1,1,False
0.19895666970234627,0.012246047231402518,train,1,1,False
0.578035286146205,0.5440710252232087,train,0,0,False
1.3877269401200274,-0.19971066222827766,train,1,1,False
1.5636666034890716,-0.5127977760620818,train,1,1,False
1.999782647664532,0.03539956978498798,train,1,1,False
0.1510152071366357,-0.3187602976604228,train,1,1,False
0.05777642114789705,-0.2604654899035916,train,1,1,False
0.8424036374568321,0.6007962312648181,train,0,0,False
0.7089781362712759,-0.40669841628021897,train,1,0,True
0.664644810631753,-0.5502368443137331,train,1,1,False
-0.11111748462607732,1.0924311878086859,train,0,0,False
0.720624654279503,0.7920043149750869,train,0,0,False
-1.038012659453793,-0.14090586623608486,train,0,1,True
1.974333008536701,0.003323587561600984,train,1,0,True
0.2594030362523124,-0.3531993658074041,train,1,1,False
-0.48362619862238887,1.208319104479286,train,0,0,False
-0.08703873318717878,0.9548661742460252,train,0,0,False
0.4134829654211837,0.8983354375009155,train,0,0,False
-0.8403095004694567,0.2753065040543242,train,0,0,False
0.5337616903392899,-0.46450510761356756,train,1,1,False
0.25302615133024464,0.17654483579068098,train,1,0,True
-1.0871137553657186,0.45894955170202034,train,0,0,False
-0.9515434844619802,0.17655540400052383,train,0,0,False
-0.07136874219183696,0.9385879861622052,train,0,0,False
0.5165294141724522,-0.28368487821717236,train,1,0,True
0.08975725741260521,0.46726062207483293,train,1,1,False
1.2139405406189354,0.6461442605987209,train,0,0,False
-0.39895107587997125,0.25359653548413874,train,1,1,False
-0.7947344938036771,0.3666450425644268,train,0,0,False
2.0569199056311533,0.49356219735976176,train,1,1,False
0.44328984837743796,-0.6112398186348148,train,1,1,False
1.7915487306048292,-0.4315995335092414,train,1,1,False
1.1259912787783017,-0.6308910850055881,train,1,1,False
-0.19743993737596777,1.1657007218628717,train,0,0,False
0.15686883067440754,1.138380518746687,train,0,0,False
-0.7964454086229228,-0.0773763887104146,train,0,0,False
-0.0010305199807053855,1.2068248228174094,train,0,0,False
1.0351686940192333,-0.5875131956832009,train,1,1,False
1.8875913355200111,0.5538989444948423,train,1,1,False
0.5678728132848061,0.6413532184030083,train,0,1,True
0.5262145580873533,0.982728680813863,train,0,0,False
1.034242181183934,0.39423445808804436,train,0,0,False
-0.5914984240006842,1.038816636371979,train,0,0,False
0.83288732184885,0.02309446733443212,train,0,0,False
0.6844206762040297,0.17384253772640287,train,0,0,False
0.07390746316351128,0.6338738183730674,train,1,1,False
0.510307836785233,1.0759431921173894,train,0,0,False
0.9426882914568068,0.9105831072284674,train,0,0,False
0.9769910756217274,0.29574975597756725,train,0,0,False
-0.429351082607221,0.49131632286739707,train,0,0,False
0.5597842818914596,0.16836699648016223,train,1,1,False
-0.6496042478452213,0.7518240850354578,train,0,0,False
0.4061792120005464,-0.23518366613753433,train,1,1,False
-1.1524076201476643,0.1472137379260621,train,0,0,False
-0.5228522159927883,1.0655650585991487,train,0,0,False
1.4339016908989137,0.5476612322597313,train,0,0,False
-0.8021861366070033,0.7176674003469783,train,0,0,False
0.7415107240639714,0.6786055290002158,train,0,1,True
-0.20463818620776744,0.37145798631109395,train,0,0,False
0.2677713498756079,0.16383567291138804,train,1,1,False
-0.1092309676498881,-0.049190600499209924,train,1,1,False
0.8909381520737193,-0.20805056111595854,train,1,0,True
-0.8255549481561781,0.06771604538940706,train,0,0,False
1.2119433699270123,0.41015573025139196,train,0,0,False
0.3621880197855517,1.1672604987630562,train,0,0,False
-0.5707322178090983,0.05672125150684046,train,0,0,False
-0.48197920239288106,0.3286396749186512,train,0,0,False
2.204416418920768,-0.8124594591433477,train,1,1,False
-0.1741226910776778,0.8810079765108951,train,0,0,False
1.5021231096448373,-0.5843099784473378,train,1,1,False
-0.0883496463430376,-0.3237159843262122,train,1,1,False
1.2673653577571196,-0.6103141034902353,train,1,1,False
-0.789051793539801,0.4456808589067155,train,0,0,False
0.6428255249245949,-0.007539000953355621,train,0,1,True
0.26524688119799106,0.7883440209252665,train,0,0,False
-1.041201815217461,-0.18254143648980958,train,0,0,False
1.8877447478504463,-0.45325160281760524,train,1,1,False
1.867355672569894,-0.08270674067194542,train,1,1,False
-0.561783574016175,0.7778118967264156,train,0,0,False
0.37473344782444185,0.5286963988189359,train,1,1,False
1.4157948441925197,-0.23827357337749813,train,1,1,False
1.433867385268188,-0.2891730956792741,train,1,1,False
0.9241342694113426,-0.6968568509186814,train,1,1,False
0.21564302892261128,1.2030371039585157,train,0,0,False
1.6325311093465869,-0.36932695853518827,train,1,1,False
0.9748921060766791,-0.6082317831953216,train,1,1,False
0.38928474712531463,-0.3640698953446362,train,1,1,False
1.6615577832157484,-0.501325922366467,train,1,1,False
-0.6852831892871821,0.776733551937056,train,0,0,False
1.0298056815569714,0.9103438881454193,train,0,0,False
-0.43041246848740067,0.5543339717625515,train,0,0,False
0.9176334844769305,0.39239672695165334,train,0,0,False
-0.38957198350890077,0.7906483077126717,train,0,0,False
1.473642738290632,-0.04392298545085205,train,1,1,False
2.078865662037186,0.25770523109105703,train,1,0,True
1.1794971841582598,0.09368962532949204,train,0,0,False
0.17335670572823159,-0.11336892878971969,train,1,1,False
1.4172794619297862,-0.7836698112241309,train,1,1,False
0.9030435228296836,-0.40066502180782426,train,1,0,True
0.8324537444225142,0.1491941363440328,train,0,0,False
-0.28383618691266504,0.9878647461184005,train,0,0,False
0.12158323172261515,0.9036809019819325,train,0,0,False
0.7945421387165443,0.7851639759283269,train,0,0,False
0.4522133932433769,0.8506029224677019,train,0,0,False
2.084525157541301,-0.13505848428074305,train,1,1,False
2.2482512625615794,0.2763512415876536,train,1,0,True
0.46547108964515577,-0.26132320151769817,train,1,1,False
0.7603025924233687,-0.38957286159764376,train,1,1,False
1.1599111311754704,0.47502269302903766,train,0,0,False
0.3554025884839587,-0.27372902807121485,train,1,1,False
1.07753111337363,0.6760087519580699,train,0,0,False
-0.9236222232660094,0.24134288243780874,train,0,0,False
0.1714667611115656,1.041267593274217,train,0,0,False
1.574477409677971,0.15404245882443618,train,0,0,False
0.794798947309106,-0.8210943816157101,train,1,1,False
1.244074007409221,0.008598839519912777,train,0,0,False
0.5686926952128865,0.878691810379456,train,0,0,False
-0.8914960169812135,0.013101535454691018,train,0,0,False
0.7072931397089122,-0.36579936709152827,train,1,1,False
0.5347526615112479,0.013817275189694223,train,0,0,False
2.1862859679692592,0.2969498171312973,train,1,1,False
0.9255811212644138,-0.41995598202794043,train,1,1,False
0.3361034311595599,0.8422005484875492,train,0,0,False
0.260709331207702,-0.2479674500936279,train,1,1,False
-0.4170306170805291,0.977962505333765,train,0,1,True
0.5352298776128364,-0.3035006282227831,train,1,1,False
1.2175250703554066,-0.190905811043508,train,1,1,False
-0.825275124395106,0.5931242456870232,train,0,1,True
-1.1006226233532326,-0.03787203754086091,train,0,0,False
0.8893529855734269,-0.45573612721878537,train,1,1,False
1.1552913891736072,0.5095709619505406,train,0,0,False
0.820217646694362,-0.38729005796649496,train,0,0,False
0.6003901764459693,0.3054710217808432,train,0,0,False
2.2758939735712844,0.07092920123705504,train,1,1,False
-0.9845798041764277,0.4419723298644062,train,0,0,False
0.7698308867822536,-0.014508126768005648,train,0,0,False
0.4986798240097949,0.28336481611414055,train,1,0,True
0.8280176200837344,-0.29155414111752054,train,1,1,False
0.06309901437457485,1.1618099333983727,train,0,0,False
0.7428812414581892,-0.007665695191099442,train,0,1,True
0.31590068297709556,-0.07588327471385758,train,1,1,False
0.008906127257991003,0.7656397560244274,train,0,0,False
-0.32927308617904405,1.020076685449179,train,0,0,False
1.0700967871780256,-0.1480327222877746,train,1,1,False
1.9943169873822648,0.3549730552626663,train,1,1,False
0.32560939859152616,1.0478064995805025,train,0,1,True
0.24364799064854167,0.21270238740911174,train,1,1,False
0.8756684867661262,-0.4589884116509796,train,1,1,False
0.057748960856089646,0.834870591771401,train,0,0,False
-0.13665489947870313,1.3563001796265293,train,0,0,False
1.9740996589593929,-0.32663320676850555,train,1,1,False
-1.0408191990977627,0.12933062194430187,train,0,0,False
-0.6319381532154127,0.4970202136307327,train,0,0,False
-0.16008560302376068,0.8778428611707,train,0,0,False
0.6737481870098531,0.07012382920994409,train,1,1,False
0.9418895141837414,1.1524441224721165,train,0,0,False
2.0845808166220285,0.10300292703442238,train,1,0,True
1.3515710487732258,-0.6370845406114798,train,1,0,True
0.06717729682917314,0.8876072911246321,train,0,0,False
2.3460118707511586,0.583419888445702,train,1,1,False
0.14457398468249652,0.8818018541454707,train,0,0,False
0.9084642694601905,-0.3916922566483223,train,1,1,False
0.11785975428983485,0.37850834484797025,train,1,1,False
-0.8694532369808035,0.6850193868508994,train,0,0,False
0.8315612776764526,0.8273410865310948,train,0,0,False
0.3648967622997857,-0.4102713937586919,train,1,1,False
-1.2138144630369996,0.025033216581097393,train,0,0,False
1.1818086696642416,-0.3885274697407638,train,1,1,False
0.17827848054101714,-0.9337541197212883,train,1,1,False
-0.9549526296726144,0.6917923748039169,train,0,1,True
-0.26084184157036866,0.6549217100786694,train,0,1,True
0.6990614658297455,0.6306564847765985,train,0,0,False
0.8758485931922482,0.5447713378880554,train,0,0,False
0.9846992848853389,-0.13206119071527866,train,1,1,False
0.26863039637582337,0.31611165173417866,train,1,1,False
-0.38613565786350557,0.8747735644351249,train,0,0,False
-0.6743678134287278,0.8467992762246344,train,0,0,False
0.37087557508924424,-0.07689834389985845,train,1,1,False
-0.7195966608231968,0.03475362868977805,train,0,0,False
0.5502082570721166,0.9735163944533772,train,0,0,False
-0.0016029323961285341,0.15513373284348694,train,1,1,False
0.06499090581031187,-0.08265636725879505,train,1,1,False
0.05363984837456681,0.7934303857997369,train,0,0,False
0.36899454637489215,0.06083497227398044,train,1,1,False
1.2107561153350805,-0.6214694740079416,val,1,1,False
-0.7890921471657766,0.48559652187867797,val,0,0,False
0.9352686577507636,0.6248152674289916,val,0,0,False
1.4370341306754868,-0.1539635977907327,val,1,1,False
0.0011823604846429858,-0.4834991728809097,val,1,1,False
0.0028335724414789987,1.128665177358336,val,0,0,False
0.29602024169243024,0.6558670942958577,val,0,0,False
-0.21747482120704084,0.353110630114106,val,1,1,False
0.9027627947884389,-0.8084435996526864,val,1,1,False
0.6937219403645045,0.748474830220524,val,0,0,False
1.3003388878650708,-0.260087660334268,val,1,1,False
0.5361237020883165,0.9647006709423969,val,0,0,False
0.19668781630152066,-0.2712442981885989,val,1,1,False
-0.9120499258793806,0.2708111426909695,val,0,0,False
-0.20998115903110642,0.6197351075884956,val,0,0,False
1.3736029247005628,-0.6408672242751758,val,1,1,False
1.4581897747965649,-0.1060519274559685,val,1,1,False
0.12966228590980905,0.6522756804306884,val,0,0,False
0.3061687429831317,-0.037601424982216525,val,1,1,False
-0.5033941775228915,0.8799887415862975,val,0,0,False
0.29724985402876375,-0.5683128160715634,val,1,1,False
1.1329862616868733,0.7491311002021772,val,0,0,False
1.903346086666482,0.15014234046705816,val,1,1,False
2.1601575142635263,0.27277443445926075,val,1,1,False
1.703241630304844,-0.48957737772511145,val,1,1,False
1.6960657806297408,-0.41189006086310676,val,1,1,False
-0.059585387937656165,0.4281995885247418,val,1,1,False
0.6809356329076911,0.5030040970326671,val,0,0,False
1.995645153823186,0.12035794745201,val,1,1,False
-0.32227148589297644,0.3815280326433659,val,1,1,False
0.7667240071423967,-0.4954558368219942,val,1,1,False
0.3054342207437771,0.8730424390714505,val,0,0,False
1.7294319264590736,-0.29867106815891004,val,1,1,False
0.7843034831311443,-0.8467990173460411,val,1,1,False
1.2744200345985395,-0.19525989306820132,val,1,1,False
1.1986595106642035,0.5010576662975288,val,0,0,False
2.200987960585737,0.47346964016328885,val,1,1,False
2.2085209274116573,0.21637307733014732,val,1,1,False
-0.9065338688427343,0.7282435629902627,val,0,0,False
0.9547216582421579,0.8070690256395641,val,0,0,False
1.9003784495154987,-0.30921993278992377,val,1,1,False
0.10955887740497433,1.0672779908889027,val,0,0,False
1.5777222759835987,-0.5229135156155357,val,1,1,False
-0.8458280123709291,0.3164647205687493,val,0,0,False
0.6926607823394556,0.4982665479263163,val,0,0,False
0.5126237693487189,0.09853239782660528,val,1,1,False
-0.5094311063710978,0.9615063221045989,val,0,0,False
-0.11957229641196805,0.9852262473715364,val,0,0,False
0.8518436452119046,0.6685016251092526,val,0,0,False
-0.8057570962966287,1.0632698800829736,val,0,0,False
0.033829124236484376,1.1811003130384414,val,0,0,False
-0.6247128678250397,1.1996674848513535,val,0,0,False
0.5713432460643022,0.18897703354900866,val,0,0,False
-0.01502107698065438,0.3126985009311815,val,1,1,False
1.183429789397794,-0.4920968711786057,val,1,1,False
0.6515090884679539,-0.3057460076730022,val,1,1,False
0.4752665324929263,0.6007115684072521,val,1,1,False
1.4391167196457424,-0.09540357036566789,val,1,1,False
-0.27139406750798367,0.9635860334410019,val,0,0,False
-0.1476512952484611,0.04001315438665062,val,1,1,False
0.042825673191313945,0.14322380105139682,val,1,1,False
1.855914226772051,0.17215809319211028,val,1,1,False
0.3779384687930262,-0.19513941956140102,val,1,1,False
0.6465236981112206,0.32362287122913114,val,0,0,False
1.109840922861461,0.5139993207214629,val,0,0,False
-0.6355858994220294,1.134867403750265,val,0,0,False
-0.5418364157375313,0.49250091690699277,val,0,0,False
0.6939383693185059,0.9646248217014287,val,0,0,False
0.035197757048725214,-0.047789336750147474,val,1,1,False
-0.7303345649237817,0.11689113549238608,val,0,0,False
0.901099445325994,0.6915208665787429,val,0,0,False
-0.3183774624675505,0.8566300981960938,val,0,0,False
0.17697673366119154,-0.5844808755243283,val,1,1,False
0.2572248186258065,1.0031983753443376,val,0,0,False
1.1450905006859584,-0.5182364722889765,val,1,1,False
0.8350051634134594,0.7793828365366136,val,0,0,False
0.3508926130289517,0.038293181331221476,val,1,1,False
-0.5232745569936866,0.5714859510525538,val,0,0,False
0.6652906489735481,0.5881339846858147,val,0,0,False
1.4371854524040981,-0.35261706951229566,val,1,1,False
0.9511257855791482,0.5138071776119372,val,0,0,False
0.981860576472107,-0.5188930765421372,val,1,1,False
-0.8567415096822842,-0.1797819351844614,val,0,0,False
0.2786273416152977,1.01523208794913,val,0,0,False
0.12996772780572605,0.14337154829008275,val,1,1,False
1.9287794210916651,-0.09647586406732317,val,1,1,False
-0.18526870650871902,0.0507367958097783,val,1,1,False
0.3631998324811779,-0.7856738982568168,val,1,1,False
0.9005975086799293,0.491056945996238,val,0,0,False
-1.049201877727547,0.3370052768855794,val,0,0,False
1.5678370249138665,-0.6316409384836361,val,1,1,False
1.626707817282945,-0.0010955703979505932,val,1,1,False
-0.3608495193997979,0.9502986625701472,val,0,0,False
1.6518656905872748,-0.7346199110918517,val,1,1,False
0.3924399582166919,0.45712682245774355,val,0,0,False
-0.5937077002249755,0.8118321099394472,val,0,0,False
1.8381686381440003,0.00499344179902407,val,1,1,False
0.6575164550363762,0.9418373858590214,val,0,0,False
-0.5710363947497269,0.6389328984189748,val,0,0,False
0.5971371164094437,-0.4818961913555886,val,1,1,False
-0.023500661651680764,0.4150522216980331,val,1,1,False
-0.9243183708189485,0.6441701687471134,val,0,0,False
-1.095073317857579,0.5983500878558934,val,0,0,False
-1.4504474509656105,0.14425819919217617,val,0,0,False
1.4691135823178678,-0.4713268420993117,val,1,1,False
0.13354493520956087,0.39045154386324016,val,1,1,False
0.2783394771717237,0.10298935185627942,val,1,1,False
0.11932939362389185,0.2199793265372714,val,1,1,False
1.9574908477669308,-0.4546142393620794,val,1,1,False
-1.0634738044904815,0.054166921802812046,val,0,0,False
1.813671536574175,-0.26897273527334764,val,1,1,False
1.74192393552639,0.32934230720147206,val,1,1,False
0.6473550117879258,0.360776979923395,val,0,0,False
0.9015355788932279,0.4276825837247568,val,0,0,False
-1.2890018452826204,0.4684438606306787,val,0,0,False
0.7480518103871963,0.21492517132540187,val,0,0,False
0.4932164076452837,0.20966005633416676,val,1,1,False
1.6398239998385866,-0.5135516004197775,val,1,1,False
-0.7907685832796599,0.18181299149901214,val,0,0,False
-0.08042147324052605,0.34206006830249774,val,1,1,False
1.8958578342327563,0.5815563998883625,val,1,1,False
-0.23371848300319947,0.8052760959382347,val,0,0,False
-0.7763475927762344,0.20095909754932118,val,0,0,False
-0.3208393097649316,0.33495336917922525,val,1,1,False
-0.04669272777915659,1.0283038600407608,val,0,0,False
0.1326777048638827,0.011686750100550203,val,1,1,False
2.093771930534965,-0.21448548149557775,val,1,1,False
0.36339049184171407,-0.1175005833351701,val,1,1,False
1.5484794945766,-0.15023522700746983,val,1,1,False
1.4082852641306798,-0.5779365037007076,val,1,1,False
0.42860222864931696,0.12888416882805115,val,1,1,False
0.8762437745887033,0.7548372882747341,val,0,0,False
0.8705595702877162,0.4329059548607397,val,0,0,False
-0.2582161379862094,0.6068258029885294,val,0,0,False
0.6735561598664125,0.7807362709323356,val,0,0,False
-0.38198190196148063,0.7538155290352684,val,0,0,False
1.614016697254274,-0.6070465748229179,val,1,1,False
0.6912044822050835,0.5256675646914981,val,0,0,False
1.6838454529148754,-0.2034759459300846,val,1,1,False
1.4551493712679031,-0.23505105423866124,val,1,1,False
0.5221234521777185,0.47843623431646015,val,0,0,False
1.1689989090262485,0.3482834370167879,val,0,0,False
-1.0296370802310957,0.44519304833581863,val,0,0,False
0.5614994951776354,1.0999793924117929,val,0,0,False
2.3420383792269015,0.2297972506099098,val,1,1,False
-0.6291719589526633,0.7834019993912337,val,0,0,False
0.32045947859967666,0.7417601875709471,val,0,0,False
0.1936002646223377,0.8330966041490059,val,0,0,False
0.5303357134608935,-0.7456164968694096,val,1,1,False
1.5258757502473668,0.13260026413532366,val,1,1,False
0.6216350545071105,-0.026605878942383754,val,1,1,False
0.31813834243565614,0.7612281122728972,val,0,0,False
0.6886966975622327,-0.5456299096968026,val,1,1,False
1.2514604977276118,-0.045965092515248385,val,0,0,False
0.7187809636974875,0.7452507463425463,val,0,0,False
1.2419329584077017,-0.2874576039133274,val,1,1,False
-1.025495969155577,0.40346141015261505,val,0,0,False
0.20119440711553022,0.04099298875533994,val,1,1,False
-0.6534624261171462,0.6321417752693319,val,0,0,False
0.8954694577168983,0.5759354608814474,val,0,0,False
1.9568727463297888,0.28507177913843035,val,1,1,False
1.815782351494164,-0.27912146505620755,val,1,1,False
-0.8184831849875511,0.8630804061957623,val,0,0,False
1.0045603945475923,0.7892414939170258,val,0,0,False
1.0703528211988889,0.03321422228032228,val,0,0,False
0.8972041171630307,-0.355485863214812,val,1,1,False
0.994608264943956,0.6232035590796104,val,0,0,False
0.2483050574512726,0.4844296334242859,val,1,1,False
1.520331719346609,-0.47534801280364924,val,1,1,False
1.6267524176747645,-0.32336294864857984,val,1,1,False
0.8982560936390701,0.959835515576815,val,0,0,False
-0.21937139168823044,1.2029950035987862,val,0,0,False
1.6333679111911243,-0.027474154306226614,val,1,1,False
1.9785624971860072,0.4622625606594498,val,1,1,False
-0.17448730903606674,0.557857069761357,val,1,1,False
1.164785780615362,-0.21187450746608494,val,1,1,False
-0.8888435977926387,0.1814614420953684,val,0,0,False
1.8097955399987737,0.8729854608594318,val,1,1,False
-0.41712269422092413,1.0209992598004247,val,0,0,False
0.6259222027061286,-0.7387149647379088,val,1,1,False
0.07531845967453057,1.288568173679017,val,0,0,False
0.5995945052808324,0.9579999372743454,val,0,0,False
-0.7669619940391643,0.5083106050615263,val,0,0,False
1.8127444358795266,0.11107089845761348,val,1,1,False
-0.2105523052142539,0.4594489291296614,val,0,0,False
-0.5288731774201934,1.1566893301138685,val,0,0,False
-0.007700075985688434,0.09791727070661119,val,1,1,False
2.2698174213874176,0.44000229473754765,val,1,1,False
1.220095677391956,-0.5776240188411017,val,1,1,False
-0.005368160815353962,0.7706823926651768,val,0,0,False
1.0862849933827792,0.6531754265164386,val,0,0,False
-0.8736034892103839,-0.3700526802237855,val,0,0,False
1.1595049962019512,0.18860012024962897,val,0,0,False
-0.7369522982009526,-0.07238969482304883,val,0,0,False
0.41459595951226447,-0.057956852828817046,val,1,1,False
0.4824852062534555,0.6624518644083119,val,0,0,False
0.24969740949219746,0.787005737392178,val,0,0,False
1.7865107376691163,-0.37820452240431,val,1,1,False
-0.7173956085112909,0.0097922960986207,val,1,1,False
0.04661626072674524,0.9175400224743735,val,0,0,False
0.8754746603402815,0.6867310082905956,val,0,0,False
-0.5212730946180911,1.1639119338335902,val,0,0,False
-0.8349707417640229,0.26894347283810943,val,0,0,False
1.4468073216681243,-0.22507051223908187,val,1,1,False
0.1290887162622972,0.04627825306903341,val,1,1,False
0.1517602140586005,1.0196313988451962,val,0,0,False
-1.1223791619299257,0.23116936416759223,val,0,0,False
-0.49868955507932794,0.9863795284475405,val,0,0,False
0.17399770848425997,0.8698875694673661,val,0,0,False
1.9235775591249216,0.052503321776605355,val,1,1,False
1.5155176619175394,-0.15243419607284509,val,1,1,False
1.0529782012648203,-0.6431260327957983,val,1,1,False
1.727105280209463,0.3927684664013539,val,1,1,False
-0.47006588086926254,0.9066417287695728,val,0,0,False
1.556316107580489,-0.6762230503975191,val,1,1,False
0.8165824279446787,-0.3511550832572884,val,1,1,False
0.006294855292457864,0.15319872665077913,val,1,1,False
-0.3392835897002856,0.08756040309787927,val,1,1,False
0.9339724420418692,-0.25754682382896577,val,1,1,False
-0.22526076284777685,0.4382785919025621,val,0,0,False
0.2497646167166191,-0.041205729530112145,val,1,1,False
0.25915997528841533,0.07596092372685348,val,1,1,False
0.006392831024625909,0.7788783677569276,val,1,1,False
0.23843856164970828,0.012730221688501145,val,1,1,False
0.6718111416094552,-0.26418994599825363,val,0,0,False
-0.753308819204147,0.3166013024594322,val,0,0,False
0.01797389249516365,1.396382829767393,val,0,0,False
-0.662645540263811,1.0118086094505871,val,0,0,False
-0.6094391688495404,0.43897210457446084,val,0,0,False
1.2850304577475917,-0.2386649898640562,val,1,1,False
0.018231881948230902,1.0587463298483828,val,0,0,False
-0.8811752034297121,-0.2821496966467348,val,0,0,False
0.805308549938563,-0.6479088952175363,val,1,1,False
1.321895052171927,-0.15296088644302638,val,1,1,False
1.7920596491324998,0.4027527247751876,val,1,1,False
2.119740940775388,0.1913586362962536,val,1,1,False
0.4467177001891661,-0.5555359159313541,val,1,1,False
0.7199362316797544,0.999955567722253,val,0,0,False
0.920301788490152,0.1535382553037433,val,0,0,False
-0.18838369867163254,1.1999320784680056,val,0,0,False
0.3254078268299925,0.7864334075691408,test,0,0,False
-0.3311740829133959,1.0187796091815529,test,0,0,False
2.0355217096924583,0.15576790825632086,test,1,1,False
1.4116210558639355,-0.2804323125448728,test,1,1,False
0.9477726961652013,-0.6797788867769157,test,1,1,False
1.6987602682618834,0.12975793481657413,test,1,1,False
0.09232898397767755,0.04861290751388206,test,1,1,False
0.20452415929111442,-0.42530663520732803,test,1,1,False
-0.16196194299434102,0.6771278651083058,test,0,0,False
0.26473951840261495,-0.5526242610306145,test,1,1,False
0.08417808191157239,-0.13487319709599252,test,1,1,False
-0.9349564947851232,0.7385649200725124,test,0,0,False
2.104411135938711,0.17527807565995143,test,1,1,False
1.2335372966205072,0.1139480314916396,test,0,0,False
-1.0117965746559634,0.26614022414837674,test,0,0,False
0.6684453864345992,-0.4821822421325286,test,1,1,False
-0.16594071672576435,0.7360684779555651,test,0,0,False
-0.23793390257661998,0.4080592550297256,test,1,1,False
0.579825326660056,-0.17260860173430265,test,1,1,False
-0.22866629012761538,0.6490493881307211,test,1,1,False
0.19233857895582787,0.4027971979869027,test,1,1,False
0.07368125147230466,0.02982280077300891,test,1,1,False
1.9503138086551846,-0.5753628961043229,test,1,1,False
0.8939364606406013,0.5416537517168287,test,0,0,False
2.0296511492789975,0.501371972649013,test,1,1,False
-0.9264309874427024,0.15405304332026462,test,0,0,False
1.6722083881389862,-0.14698176913344865,test,1,1,False
1.9374975202307738,0.10741207954800058,test,1,1,False
0.20191960843224044,0.8688453890983467,test,0,0,False
0.6793088776176592,0.5186668281318672,test,0,0,False
0.9991318429494147,-0.8175227839991364,test,1,1,False
1.0208591174462864,0.9971978038866849,test,0,0,False
1.6886917408736002,-0.08892619727189652,test,1,1,False
0.06691175247968222,0.31776944460770806,test,1,1,False
1.9839730982110257,-0.005212932494802175,test,1,1,False
0.3389562651137241,0.8029133648638633,test,0,0,False
0.29128390703098067,0.024317324336812107,test,1,1,False
-0.4444696065184488,0.25769182532168744,test,0,0,False
-0.18243082202089816,0.23319958285284878,test,1,1,False
-0.5147357871686031,0.9950676892678687,test,0,0,False
0.394255450393268,0.8834191143097585,test,0,0,False
-0.6458544053734062,0.8025364381359036,test,0,0,False
0.8350793540582413,-0.17510609074063674,test,1,1,False
0.9747241410963451,-0.3544465687411358,test,1,1,False
2.002940480475818,-0.40701549522582037,test,1,1,False
0.0035255030745900418,0.7612809987288318,test,0,0,False
2.0108393847368697,-0.3799907332008875,test,1,1,False
-0.33509899392752346,0.4403149086450855,test,1,1,False
1.1798724254064414,-0.034081953562758144,test,0,0,False
-0.4812561587702594,0.11745905254255773,test,0,0,False
1.1876981618438138,-0.09996859137390973,test,1,1,False
0.11487774623787234,0.7702598027828453,test,0,0,False
1.6260309868546385,-0.15269587684897964,test,1,1,False
-1.1102220024408287,0.02767713088508901,test,0,0,False
-1.279243958474654,0.6982985615988357,test,0,0,False
-0.44784887979939747,0.6309240614910643,test,0,0,False
0.4857021710392827,-0.9651487398845675,test,1,1,False
1.5194245335087613,-0.17217658541309622,test,1,1,False
-0.3089211517411693,1.1252578073204225,test,0,0,False
-1.087612727178191,0.5978368748162856,test,0,0,False
2.1423080303417104,0.3429657721178312,test,1,1,False
1.6554355509350653,-0.07593250503774979,test,1,1,False
0.28924283018758806,0.3377896882472561,test,1,1,False
0.3766265283297512,-0.3767582431183728,test,1,1,False
0.17339904268028772,0.03479931323657426,test,1,1,False
0.3846028517876433,0.3424213967366141,test,1,1,False
1.0522559204793644,0.3066326856887135,test,0,0,False
-0.1684457244353737,1.0361668749755482,test,0,0,False
1.110685115434028,-0.7955387003932838,test,1,1,False
0.9222311076371003,0.7269851663309093,test,0,0,False
0.17269950164503783,-0.34952002754755906,test,1,1,False
2.023782528067347,0.3602162386584452,test,1,1,False
0.8895983763694357,0.6772440249229612,test,0,0,False
-0.16207957971798043,0.7176246595830594,test,0,0,False
0.18093965757970756,0.28632030005529235,test,1,1,False
-0.17153474849596256,0.882307335335415,test,0,0,False
-1.233641179144529,0.12410653685614327,test,0,0,False
-1.0896498795980427,0.24967200133583337,test,0,0,False
1.8669590038377266,0.06285264145184113,test,1,1,False
0.721239528370468,0.7157631808601908,test,0,0,False
0.5755667517840235,0.8753987399688166,test,0,0,False
-1.3323950446963457,0.331307665786861,test,0,0,False
0.3740550333277447,-0.1944301826109079,test,1,1,False
-0.2067961555450477,-0.33526878680582883,test,1,1,False
0.6294350093380251,-0.5982524848948536,test,1,1,False
0.12266276486730349,0.6598043147756205,test,1,1,False
1.0763198204960818,-0.444920391714571,test,1,1,False
0.7656835924684317,0.8854720234547079,test,0,0,False
-0.5547783064610505,0.6514048481948391,test,0,0,False
0.4825079567276639,-0.6551699246107858,test,1,1,False
-0.41894218144321127,0.6491689237211407,test,0,0,False
-0.8099494103076635,0.8773634405276192,test,0,0,False
1.9118963105368056,0.02022953953142187,test,1,1,False
-0.8356190824249385,0.793231934371242,test,0,0,False
1.4413089281419222,-0.18835366668772474,test,1,1,False
-0.08600407297780732,-0.2814965496877434,test,1,1,False
2.156046869764634,0.07804746074755331,test,1,1,False
-1.0539105948519214,0.3091258866822099,test,0,0,False
1.099118019195973,-0.6155087084501808,test,1,1,False
0.4837345216471606,1.0300071335455825,test,0,0,False
1.898757365211125,-0.1598888263983704,test,1,1,False
0.5537498426747378,-0.3023437818673883,test,1,1,False
-0.35645675182987646,0.9100235348958856,test,0,0,False
1.598382041354468,-0.17279749275577852,test,1,1,False
0.14646715521280312,0.9596671403423321,test,0,0,False
-1.3625060115740537,-0.23055143054188468,test,0,0,False
0.12123199801747349,0.40376397614564574,test,1,1,False
1.668159438327611,-0.46996361116838536,test,1,1,False
1.31167561240918,-0.35566533104759834,test,1,1,False
-0.5472584616303721,0.32707695214010013,test,1,1,False
-0.6480254857556862,0.7826818620072922,test,0,0,False
0.26092090233090914,-0.16511397229166092,test,1,1,False
-0.5613210748370597,0.5740931693657251,test,0,0,False
1.9609676425859321,0.5061914812100977,test,1,1,False
0.032596167392784786,1.2860500998912099,test,0,0,False
0.24570360640388073,0.1427891715606862,test,1,1,False
0.032630234740978876,0.015517175981306336,test,1,1,False
-0.030108268688253698,0.3306964102902524,test,1,1,False
0.7366793186513113,-0.014768325702013252,test,0,0,False
1.2388604734281612,0.4194461195667102,test,0,0,False
2.0735238768772515,0.5202448552139117,test,1,1,False
0.4791710403547269,0.173891038400876,test,1,1,False
0.5672079888200217,0.8497315557518061,test,0,0,False
0.6425117378314903,-0.549200362735522,test,1,1,False
2.1206914618840353,0.8778770246862811,test,1,1,False
-0.7277203457918289,1.5325762934153517,test,0,0,False
0.9851356246819036,-0.35978090437008203,test,1,1,False
-1.2109961346975577,0.1541500802415096,test,0,0,False
0.9575246019759416,-0.039547839162529574,test,0,0,False
0.5412597663954358,1.0639109189562235,test,0,0,False
-0.13732992731264146,0.8857019203385368,test,0,0,False
-0.8117603337852368,0.34905593411386837,test,0,0,False
1.746126502510105,0.20119649869740802,test,1,1,False
0.24578607052352308,0.11867670633103689,test,1,1,False
0.24834345345230868,0.8032406105866329,test,0,0,False
0.4222381494900059,0.8650437606592244,test,0,0,False
-0.9044298755407801,0.21110872115734097,test,0,0,False
1.297432511200295,0.06732593456104251,test,0,0,False
0.9530278631261035,-0.29184358437266733,test,1,1,False
1.911180786389582,-0.1273653819808837,test,1,1,False
0.3879999052195915,0.07481838080264569,test,1,1,False
0.39609048210782694,-0.1130092605126077,test,1,1,False
-0.16710867914021038,1.1321289687975236,test,0,0,False
-0.07550518758137093,1.0673573037759199,test,0,0,False
-0.7528780948392165,0.8208661568932971,test,0,0,False
0.4490544013555553,0.8948267606236415,test,0,0,False
1.2266952399244893,-0.17474990777127902,test,1,1,False
0.31988374593015295,-0.2932280247139079,test,1,1,False
0.6466443584564177,-0.35871973820502057,test,1,1,False
-1.1262332327237847,0.18068724555811347,test,0,0,False
1.4542994644195562,-0.4009137384451106,test,1,1,False
0.026087058848106665,1.3765952376596253,test,0,0,False
1.027275265916818,-0.7394811343911243,test,1,1,False
-0.4790482834338487,0.5245867513192937,test,0,0,False
0.3866074144255116,-0.3732242387809911,test,1,1,False
1.1655643607206807,-0.09721387821045763,test,1,1,False
-0.5995473465061284,0.9082065397080045,test,0,0,False
-1.1071800173993496,0.4211583256711452,test,0,0,False
-0.9394033443535059,-0.046502514406288165,test,0,0,False
-0.8983111526181511,0.378011349872964,test,0,0,False
0.6049024442497841,0.37204617280330493,test,0,0,False
0.5615441566015571,-0.9254974382190038,test,1,1,False
1.1155401965353606,-0.4759721547886468,test,1,1,False
1.1425255811336577,0.6410560790300004,test,0,0,False
1.3813104709232422,-0.14019771030625977,test,0,0,False
-0.47500478960556425,0.8670906917521982,test,0,0,False
0.46614050796231277,1.1686182772275866,test,0,0,False
2.087145618129723,0.1381590085113438,test,1,1,False
1.7370341455858866,-0.06230980857705663,test,1,1,False
0.5323704030256018,-0.24696936499118982,test,1,1,False
-0.21779208504526967,1.1364450015193954,test,0,0,False
0.32125228893596297,1.170775064307934,test,0,0,False
0.10001487009381116,0.10945929257017173,test,1,1,False
0.6819564535608562,0.5479506489510914,test,0,0,False
2.0198002182091623,0.49842287983459005,test,1,1,False
-0.8672187440821295,0.19418763417558776,test,0,0,False
-0.8036832800259764,0.9656910593984173,test,0,0,False
-0.6160215821940753,0.71856976766257,test,0,0,False
2.0125161784818033,0.7162825652783427,test,1,1,False
0.11280423796514225,-0.3674923978935237,test,1,1,False
1.5331917972925004,-0.2666687210480437,test,1,1,False
0.8742750712843579,0.11040022818492023,test,1,1,False
1.1768474617528073,-0.8056581612373319,test,1,1,False
-0.02276971569575327,0.22297009557028846,test,1,1,False
0.295197292266421,1.2746294758130476,test,0,0,False
-0.7431170924597729,0.027335701875518134,test,0,0,False
0.6750127193581293,-0.25318548498895366,test,1,1,False
-0.1256639964810038,1.1134421988827476,test,0,0,False
0.47806194926660345,0.6355727014793096,test,0,0,False
-0.7261813268023936,0.19312114747046197,test,0,0,False
0.7590298732647779,0.26000725767169475,test,0,0,False
1.5275021528149053,-0.2858326830243045,test,1,1,False
-0.5107365255162937,0.8426192219141259,test,0,0,False
0.4498751009855208,-0.23496022430044625,test,1,1,False
0.23958368763966983,0.9680927508857472,test,0,0,False
0.421525626481015,1.1627160019709617,test,0,0,False
0.4852165336968182,0.24697188903632622,test,0,0,False
-0.5463141525638637,1.3364006342931287,test,0,0,False
0.6997266623335658,-0.2324837576526884,test,1,1,False
0.04263529719543652,-0.40800951270183866,test,1,1,False
1.1064920785915704,0.46250612326280105,test,0,0,False
1.5619838713259189,0.38624517518402335,test,1,1,False
2.019101743113044,0.17847927280877166,test,1,1,False
1.7783861343414398,-0.416983964162764,test,1,1,False
0.9628265048664186,0.4165376558773467,test,0,0,False
0.6377936122622371,0.9264848791644298,test,0,0,False
0.05822672465853726,-0.6630184055765731,test,1,1,False
-0.5081910243536065,0.8579002552225314,test,0,0,False
-0.8251684734322084,0.1364587398234114,test,0,0,False
0.21168308515534684,-0.24764528503383867,test,1,1,False
-0.10723030824166617,1.0284556337606883,test,0,0,False
1.9078240347706743,-0.2908563489021314,test,1,1,False
0.4295435401489772,-0.15695199594065118,test,1,1,False
-0.5392793489401965,0.6527019656975761,test,0,0,False
-0.5101714060812198,0.5883845810201328,test,0,0,False
1.13658099337146,-0.4109158211799375,test,1,1,False
1.496165737194943,-0.48833852961600704,test,1,1,False
-0.7265266043253717,0.48075774459117787,test,0,0,False
0.38955233072489026,0.6480602008725166,test,0,0,False
0.2549029946526207,0.9884128959679259,test,0,0,False
1.0071259080978645,-0.38374651083946515,test,1,1,False
0.41149453546182363,-0.48257763126650793,test,1,1,False
0.9640118721395194,-0.2979648903277543,test,1,1,False
-0.2103513470404338,1.2434482788490102,test,0,0,False
0.5589589992830658,1.1509154683603613,test,0,0,False
0.7077627293326745,0.4623116783740914,test,0,0,False
0.4417132305121292,-0.17187226903441244,test,1,1,False
-0.9566701577443507,0.0018127553766220106,test,0,0,False
-0.7892903131648925,0.6780287099450996,test,0,0,False
0.9183508327858616,0.2014596939136694,test,0,0,False
0.79483551344195,0.123180200354546,test,0,0,False
1.7403757910799789,-0.06624977152349255,test,1,1,False
1.870932193245824,0.10297826852481923,test,1,1,False
1.449063994242086,-0.39893534779505735,test,1,1,False
0.6208815319620977,0.6734502169783079,test,0,0,False
0.22456679442929675,1.2696532251653838,test,0,0,False
0.7668134437277512,0.7242276519872253,test,0,0,False
-0.02366495812176911,0.8586840756639598,test,0,0,False
0.8896534154093981,0.5426112530520628,test,0,0,False
-0.86330572947853,0.46990940349967514,test,0,0,False
